,City,Approx. Latitude,Approx. Longitude
0,pisco,-21.03196449252863,-86.01921911817614
1,punta arenas,-69.38141092146876,-117.03479039845061
2,albany,-33.96244357222642,119.14355463167078
3,ushuaia,-83.66681262366345,-58.66332287002177
4,torbay,45.353053344375354,-49.247244601348115
5,grand river south east,-23.342006241111307,68.53683344692882
6,nome,60.26702295428893,-167.9803171196993
7,inhambane,-25.616659806087952,37.889983401166404
8,provideniya,64.41735643096723,-172.99490328948875
9,vaini,-68.59968630513359,-168.72511745498386
10,hilo,12.306559541259105,-138.68537717595842
11,barrow,83.45554648497719,-156.86785150562733
12,yeppoon,-20.18655418023951,154.09573140643295
13,illoqqortoormiut,83.59020857475801,-30.120686433834777
14,avarua,-24.65487597404666,-159.96181511335342
15,petropavlovsk-kamchatskiy,49.57702537051094,162.5093749937185
16,norman wells,71.40448504148023,-122.06881471553605
17,mataura,-64.29371308474403,-145.41430450627786
18,svetlaya,46.18682097014175,139.4076510970374
19,ravar,32.02009759090177,56.688503261555496
20,vilyuysk,62.987669616954605,122.04229006894565
21,saint-augustin,58.562128308330955,-61.11354150511531
22,xichang,28.065907778510862,103.17302269678481
23,cidreira,-34.41747463091155,-43.90377027092785
24,taolanaro,-59.58161383669853,66.48522436434729
25,cabo san lucas,10.182019984712184,-124.25726681822708
26,esperance,-31.562561972804787,120.08292974475341
27,qaanaaq,85.78434027253843,-78.52802477545991
28,rikitea,-24.382479635620882,-107.18997299523284
29,wagar,15.914467211226665,36.58757143766499
30,georgetown,-13.137267031024678,-22.758853625777363
31,novobirilyussy,58.60952958175287,90.06720434721001
32,paita,-6.662691610861515,-83.42531131586901
33,mwinilunga,-12.070573981016736,24.944545343724428
34,arraial do cabo,-47.63237022044264,-19.041442878629425
35,imeni zhelyabova,59.78200098072389,36.35139921678851
36,san quintin,28.73895095316037,-119.40126525659886
37,cape town,-45.672146494365144,10.691039999962356
38,mahon,40.01420373780522,4.232950871129503
39,luchou,25.110887584404026,121.42489973332647
40,mar del plata,-61.721843248629014,-36.50851291338509
41,port alfred,-55.977155158155455,35.19300147530123
42,grand gaube,-15.589241080910867,60.7327165892078
43,busselton,-86.45085661110971,86.85220561437268
44,vagamo,61.76759619950474,8.597320927803452
45,klaksvik,72.19763409206033,-4.189124110520936
46,sinnamary,14.558801724591945,-49.659453478756376
47,baykit,63.94327526542037,95.62990658742626
48,san lazaro,-22.006392573998852,-58.540821863688436
49,belushya guba,89.58489615031422,51.729207002363296
50,marsh harbour,29.935378465631047,-71.57447173075849
51,bluff,-83.45746862446899,156.96533466417065
52,havre-saint-pierre,52.56583884627682,-61.66469500408087
53,bathsheba,16.34008115443902,-56.4111818696836
54,bara,14.081329124334587,29.141367704774183
55,bredasdorp,-67.9386111315516,26.139791111731114
56,atuona,-12.39392984606556,-130.86412697294725
57,constitucion,16.88675223429574,-119.79523031406265
58,patacamaya,-17.356392660590572,-68.04260526935226
59,san patricio,18.592267766926184,-106.21131095857814
60,hermanus,-88.33496596243378,5.354493144951391
61,bengkulu,-13.133081749570863,95.2942928239425
62,geraldton,52.25353307462714,-88.31904402086909
63,richmond,-30.209794973040523,30.118601988406112
64,port hawkesbury,39.111637012974256,-59.731559644165074
65,clyde river,73.31373778873211,-65.74551735591996
66,martapura,-4.854194557782407,116.39422668858987
67,muzhi,65.15196392064686,65.55774429042452
68,alofi,-18.187666401394154,-165.7125644983301
69,anadyr,63.374850030717084,175.28105540579105
70,chuy,-45.79118815464525,-41.962278722029254
71,villa guerrero,22.018031759017376,-103.87113952030805
72,new norfolk,-49.43291372826879,142.40699603844962
73,beyneu,44.475737952268844,56.49686355386902
74,grindavik,61.396384500014534,-23.130537028921793
75,padang,-7.65985749441559,88.67315970877132
76,odweyne,6.823477780711826,44.97020396929827
77,mahebourg,-33.0408799415869,71.92121631161186
78,marsa matruh,28.87635004632753,25.674029688409576
79,tsihombe,-29.193678949072748,44.605157133543344
80,lebu,-32.167082847223824,-89.1131679419477
81,buenaventura,3.850581336283568,-77.14115284338284
82,saint george,29.09308579578702,-51.52128267740056
83,hithadhoo,-3.7294226716149126,77.08235845055884
84,capitao poco,-1.88783071169712,-46.680548012250114
85,vagay,57.885715175942494,69.76007904506488
86,poum,-18.47698432465444,162.82490298651595
87,port shepstone,-31.557550664406214,32.036881534773585
88,hobart,-52.88575408563637,148.203223275984
89,roald,72.30374200339824,0.912447288968167
90,lagoa,44.00821681749164,-29.094468219571667
91,cockburn town,25.080298509558062,-74.9998981509359
92,dera bugti,28.895871445233723,69.02487358710749
93,jiuquan,39.2622442607333,98.40937045546832
94,thompson,67.68690100977292,-94.77559514411786
95,homer,60.048182840835494,-153.89181996591492
96,phitsanulok,17.164467915139866,100.43117857491046
97,talnakh,74.91770111823115,89.41126175417713
98,mehamn,87.49568094317681,29.67601751482701
99,thunder bay,47.83757431090231,-89.91469003165973
100,airai,19.62978753398386,142.84032003103624
101,balikpapan,-1.5574563918282962,117.19577324580928
102,ayna,-12.317928407173397,-73.63488456600318
103,bulaevo,54.35159060750988,70.60519018404588
104,evensk,63.54911127602534,158.68618719079944
105,la ronge,56.83275774814342,-103.51209157763846
106,dikson,85.8528419262291,88.03427051513387
107,san clemente,-35.5780122888015,-71.31671404485998
108,leningradskiy,75.61648925262952,179.0845368250973
109,beira,-20.253542351980087,35.511838550883965
110,nara,15.975606677843146,-6.799974499309656
111,puerto ayora,-13.774595311666005,-107.46586660908288
112,chokurdakh,75.12409938442738,150.13615371212336
113,auki,-5.453538061736452,164.70435048615508
114,ahuimanu,36.31335326430667,-152.30615308333896
115,dawei,13.605484283731698,95.76938515307472
116,nikolskoye,36.83411787619801,171.12811836186148
117,kaura namoda,12.879350083817172,6.343793455580453
118,port blair,10.370918405163195,94.83270576069572
119,touros,-3.150547571453558,-33.76759544613975
120,merauke,-7.7785524197855125,140.88443247013726
121,san juan,18.81005890825017,-66.11408932971541
122,tumannyy,73.91421566157766,36.715842135002305
123,saleaula,-6.9462045474815,-170.31218633250643
124,beloha,-28.58534931093581,42.999563511624075
125,palo alto,21.73738151920574,-101.85239037233053
126,guymon,36.831610397850085,-102.08577731300132
127,ikere,7.398532976676819,5.15963373506716
128,majene,-3.2225862735529915,118.16063651765455
129,porto novo,14.738114262904986,-33.61644741855301
130,salinas,-1.3188727375810032,-83.10395915266967
131,ust-kamchatsk,52.501789233249866,163.19934300014182
132,taksimo,54.60063890418539,115.69962623437618
133,saint anthony,55.6227550112192,-52.16536459581779
134,kapaa,19.181712168655025,-168.04840183332374
135,lyudinovo,53.94726844919401,34.45098429522071
136,wad madani,14.48813049016546,34.76218316848019
137,butaritari,7.386566305406589,165.91433368357264
138,verkhoyansk,67.27506269575429,132.9026472620738
139,columbia,35.441040648901975,-86.97470836975558
140,concepcion del oro,24.235995251793852,-102.08072763260564
141,inirida,3.332948787511185,-66.44279662941398
142,gamba,-7.81800322670864,2.18559216917717
143,nanortalik,49.70651605459091,-41.90413316520156
144,umba,66.77794840448502,33.81061508271259
145,lompoc,20.902084082544206,-132.17097524863237
146,margate,-40.15521093168282,42.283949784861534
147,umm kaddadah,14.908649959008443,27.25134240351281
148,kulhudhuffushi,6.900603647794284,65.50376256256084
149,nuuk,59.413952797146294,-56.43539518924183
150,beruwala,6.487677754244942,80.13237797947522
151,bajil,14.974896038765138,43.277590995726314
152,galesong,-6.48890374502227,118.57729953618343
153,sitka,46.55871851451363,-139.1627399174471
154,usinsk,66.92392372222477,57.324729203573725
155,khash,28.464085625155008,62.18309448002995
156,bambous virieux,-25.074027433812233,65.39000561888093
157,severnoye,56.154599369965524,78.7247931028561
158,filingue,14.447080677029135,3.5849076876746153
159,olsztyn,53.79541188561683,20.658796133768277
160,aloleng,15.362255486375474,116.99442003722845
161,ponta do sol,23.568506956410374,-27.68723307408939
162,trincomalee,11.886511437230013,86.46805048516052
163,linxia,34.003477396478985,103.81651648966158
164,sinaloa,25.976641849663793,-107.92296198450947
165,ambilobe,-9.986887434382695,49.18092545292879
166,cam ranh,10.921338565006636,111.69363938793703
167,pevek,87.6897330657684,170.39923061709413
168,jamestown,-36.122948707312304,-2.927372487482046
169,marcona,-25.866259566140727,-89.5104016404785
170,hat yai,7.01993498812412,100.4935123041102
171,nadym,64.4000868728526,72.13776405357282
172,namatanai,3.2799436148179666,158.82141414471113
173,iqaluit,62.977704410031976,-69.02466085262985
174,mizdah,29.983791457540633,12.98394518432849
175,krasnoselkup,65.35359419773559,84.0840994409848
176,murgab,38.17598517631495,61.17216831663791
177,kachikau,-18.80452320451208,23.893200207199925
178,hovd,44.41756391654346,99.9760980066095
179,narsaq,84.48200908966044,-63.05861127434865
180,vung tau,8.77372387963068,108.50837689399481
181,beni,0.6655834878187363,29.080899485464812
182,severo-kurilsk,39.749718499120945,159.79754513460887
183,utiroa,-2.4044147320293945,171.98566076559683
184,saskylakh,89.63390207310727,109.16738070296901
185,hobyo,3.992760669561207,52.25924898533705
186,baisha,29.857733926734767,114.93766630931208
187,bandar-e torkaman,37.00496289413813,53.88939669273262
188,port elizabeth,-88.4194437132709,34.43073318559175
189,asahikawa,43.60263098285844,142.8226325590611
190,hammerfest,75.68428518707702,22.44091109824305
191,lufilufi,-0.9190832501770103,-164.5236940133199
192,tuktoyaktuk,81.86694192125859,-138.6857094292127
193,raymondville,26.47023686163618,-97.49268653946164
194,yulara,-26.696045237325137,133.25784696188606
195,saint-philippe,-66.91054541762576,69.99174847237256
196,tuma,55.01211550221237,40.68576186316395
197,port lincoln,-45.94068902944954,128.953453184948
198,corner brook,49.74818298023578,-58.431640078692155
199,ribeira grande,30.739678712363585,-39.32857663857473
200,banda aceh,4.444765296295728,89.60237384051987
201,upington,-29.61671460964815,21.280880935923847
202,attawapiskat,65.22371877135754,-85.63993837646422
203,svetlyy,50.802394053737174,62.549223440052884
204,kodiak,50.563131910217976,-150.95082064539247
205,ambon,-2.502744881807658,126.749143392299
206,richards bay,-34.945637717724466,39.43504282912136
207,gulshat,45.26567981700396,74.94945526059058
208,portage,43.914260891433315,-89.14513738192431
209,berlevag,89.58512834841883,34.07417710537962
210,mareeba,-17.326540539891724,142.02117475655058
211,ayan,56.96951855497608,137.98073472353428
212,vardo,78.55297470533142,32.65285258704637
213,lerwick,61.81427801272952,0.9275188747145648
214,lagos,5.189091710584194,3.055564720640234
215,kuche,39.368133039359606,82.2343880299673
216,toktogul,42.153433480312714,73.84926523242032
217,lipari,39.4189920698725,14.292263595322027
218,pangnirtung,69.26177955332483,-61.432634511975536
219,kawardha,22.190907115916673,80.9812539006981
220,fortuna,36.35150382038658,-137.81990506032392
221,turbat,26.827645945885024,62.09437694697448
222,smolenka,53.032514451516676,112.94366651578832
223,acapulco,5.576328912170098,-105.09987291053785
224,san ignacio,5.826668626713712,128.62846250230234
225,romans-sur-isere,44.95798556581303,5.21332255974653
226,upernavik,79.54068469590041,-50.49844720678209
227,namwala,-16.032919805524912,26.786173819622718
228,galiwinku,-8.796664620329139,135.4642295392482
229,launceston,-40.72112153505486,147.52544290125388
230,kaitangata,-60.3121126376562,172.75523172373636
231,saint-georges,6.648897427446428,-46.42930508331901
232,longyearbyen,78.22357860204016,19.076918841273653
233,hambantota,2.0030963287370582,85.63237493845833
234,hot springs,34.5948085655093,-93.46575196431654
235,georgiyevka,42.834412257951584,74.42345800876734
236,watertown,45.279610850143655,-97.5016033044511
237,college,69.81924035984747,-150.80796056385557
238,iisalmi,63.87072531053522,26.406424423140436
239,souillac,-54.56456900048827,76.05564898565302
240,black forest,39.03464960151379,-103.97468727595496
241,aflu,32.5880120030554,0.2230565091372796
242,asau,-9.148877689163768,176.27865133940549
243,castro,-48.47859321670133,-89.66325347046389
244,siraha,26.540447295305967,86.33977441970774
245,puerto ayacucho,4.35911023632633,-64.62321502191429
246,rumphi,-11.052974541527078,33.77970475841039
247,arrecife,27.8390247196744,-11.900302135339729
248,bertoua,4.998310750025027,13.435078114761751
249,faanui,-4.475267880268092,-151.71324800885122
250,victoria,-2.6929880744024928,53.449763316619936
251,berbera,10.149071687200916,46.613109668872085
252,inuvik,66.1317915296907,-133.29995578324758
253,wad rawah,15.762331799207871,33.243358948479056
254,fort nelson,61.31227265503034,-123.13214773132084
255,hami,39.79875060505597,91.77975087251622
256,vaitupu,8.773215139591102,-179.15923138121724
257,alyangula,-14.491862311230605,138.74030858912118
258,skjervoy,74.03413177744383,19.814549382737255
259,gotemba,35.317604331220025,139.01409320616676
260,mogadishu,1.6638268151159537,46.71374202986891
261,srandakan,-10.473198079551793,108.99378019801367
262,punta alta,-39.56180067016185,-61.3864545338396
263,bontang,-0.08619290200505247,117.28574924840001
264,waingapu,-10.20132079912149,119.32990805673307
265,sheridan,44.97479615793935,-107.85790107788111
266,whitehorse,61.68025850369352,-132.6109972080411
267,surt,32.06037668297287,16.797670092573185
268,sunbury,-37.432709641327605,144.5724875558834
269,kruisfontein,-33.819425942425944,24.30461113449431
270,bethel,57.918450351946206,-168.140702714704
271,balvi,56.915406005989496,27.102790380776327
272,palpa,-14.793826153725746,-75.27836523182255
273,minot,48.435559412056904,-100.99597145761723
274,izhma,66.06083756294117,55.30163642756753
275,camden,33.73060795743328,-92.64369969701805
276,vestmanna,67.25600769211499,-9.506919374856437
277,yambio,5.103238167948561,28.04444497317462
278,mazagao,0.8957687483728449,-51.889367075563314
279,briancon,44.71975430194135,6.929081675906758
280,saint-francois,17.450764197791543,-58.018884101841365
281,yellowknife,67.21390642893141,-119.44810783541368
282,muroto,31.257147451287892,134.43326708157576
283,glendive,46.742896485748304,-104.7095645921872
284,nouadhibou,22.544452227493906,-17.795430061833258
285,sao jose da coroa grande,-13.163219084601522,-26.860827805828393
286,tucuman,-27.29361963386448,-66.34073866604665
287,mandalgovi,43.68808879982208,106.25639883478112
288,carnarvon,-20.92780295736459,103.14835819246036
289,kilindoni,-7.871010220554325,39.50791773597041
290,taltal,-24.962692877140668,-76.87645549753569
291,warqla,30.993208864940243,7.185820586515007
292,celestun,20.65529022883834,-91.24533575146391
293,fort saint james,55.29762382204635,-124.3430764936226
294,mys shmidta,78.59603889206605,-177.41050715163774
295,ullal,12.516467616999009,73.59530505860693
296,ilulissat,87.08360069526742,-41.17662191329504
297,lake havasu city,34.720979233431905,-114.49865174033161
298,port macquarie,-35.67764437763057,159.01381014251712
299,christchurch,-48.681534792954295,177.9353912262576
300,yarada,15.901566592414738,85.11632643558653
301,isangel,-17.96558574401692,178.50711959126437
302,ancud,-40.71810494731203,-104.45489819646781
303,guerrero negro,19.10579536202117,-123.68947336193204
304,oktyabrskoye,52.55056230479968,55.281239750669954
305,kavaratti,10.233041612966147,66.1268880717517
306,ulladulla,-37.73495791169613,155.55954113106452
307,husavik,78.09190732219233,-9.768973033754264
308,srednekolymsk,66.88172212948072,154.5407909026777
309,marzuq,24.499125210694174,14.83187396950828
310,lorengau,5.209722221941902,147.6655695172418
311,cabedelo,-5.7617770010050435,-27.89556611965392
312,santa cruz,7.275976919904053,-88.72154162937404
313,kalulushi,-13.227431552451563,27.46132604511243
314,falam,21.80747075211974,93.87967590856937
315,san vicente,19.355843882521796,125.87790607607747
316,sioux lookout,54.70593987442132,-91.63425182964022
317,kharp,69.92946290404458,66.81061160646007
318,khatanga,68.3853983553102,104.6829969859943
319,bokoro,12.699636847739484,17.07050729457106
320,basco,20.27942743738876,121.01384632234368
321,dingle,46.97998348933166,-19.701773606892232
322,coari,-4.177492289784723,-63.20449844036801
323,san miguelito,11.387698219252528,-85.07701264022967
324,plymouth,43.9234806793618,-71.68647108228643
325,labuhan,-17.52710916979302,96.97678654420815
326,vestmannaeyjar,55.941408918096045,-22.931471250104295
327,barentsburg,82.66859979241221,2.276302527866477
328,praia da vitoria,46.28697677612101,-24.88378239942523
329,fairbanks,72.03529208438096,-144.1680885223824
330,tiksi,86.1706034365786,129.11829082335055
331,clarence town,22.00782205318096,-74.48307335125169
332,vostok,50.63080036855246,150.96140070150648
333,namibe,-16.70910113464791,9.090635808579549
334,sayyan,16.314976059739735,45.303756326827425
335,moa,21.53615494460179,-74.99383059771094
336,biharamulo,-2.9139198670315665,31.186960871574684
337,aswan,23.064350352616202,34.19906513122356
338,pitimbu,-7.611982623695027,-27.403669116481183
339,harper,-2.53414474801599,-7.643866039839423
340,xiangfan,32.12906688339156,112.12996490140853
341,assiniboia,49.06820410751118,-106.14486357328865
342,okhotsk,59.492275602836855,145.12362350194292
343,lososina,49.314788066643956,140.86739580611697
344,qui nhon,14.368590406303923,112.82436063074533
345,san bartolome de tirajana,26.91881832753718,-16.105655382195494
346,sentyabrskiy,34.56132614031385,159.7860552500341
347,zabol,31.224787777751175,61.0945037235613
348,bandar-e lengeh,26.538175270924754,53.81826959027205
349,katsuura,30.061815812612352,146.4095159013889
350,guaiba,-30.06302909617176,-51.40391727287155
351,sao joao da barra,-31.080467642816487,-25.789426901882052
352,reconquista,-28.36609872899134,-60.47382715649883
353,deloraine,48.47568797148739,-100.57895405285635
354,jiwani,23.98266799889825,62.169715551742115
355,kansay,40.46627915009583,69.82864119829384
356,fare,-10.391754352404192,-148.65696551571037
357,lasa,31.09931121550393,93.5131140014671
358,xingyi,24.037853921596906,105.39525471170464
359,nabire,-6.7718136944701826,136.96780237725113
360,sakakah,29.332099154001398,43.09557815545085
361,cherskiy,71.17541239681375,160.27765662753143
362,ardakan,33.85154031859034,54.01155882854448
363,amberley,-43.31426132876423,173.4221741572083
364,villamontes,-21.48683081153358,-63.35040566045549
365,saint pete beach,26.783733388448653,-84.25740882982686
366,cuencame,24.72709325454221,-103.75745192648056
367,chiang khong,20.14212970791732,100.73768351938782
368,monteria,8.635783169467459,-75.95132104052956
369,lima,-21.431846116281932,-93.59713884462661
370,jamame,0.08377221764396836,42.3137166967783
371,te anau,-40.59183521646133,160.2754461600012
372,kahului,27.283786796984657,-151.14505945252918
373,kathu,8.240612990152627,95.9811993827849
374,fano,44.029182783946,13.103276102852476
375,vila velha,-26.741841674642785,-22.08539192677995
376,zalantun,48.23245276981976,122.41650998611186
377,davydivka,48.1649756843608,25.583413137924936
378,broken hill,-28.618082453911967,142.18342302782327
379,dhar,22.71396579505665,75.18661769088928
380,tevriz,58.38875430231499,72.0801904823779
381,umm lajj,23.462697349626453,37.50876524101011
382,mrirt,32.13519455486387,-6.3080083689133915
383,roma,-27.45367776655693,144.16615699157256
384,kavieng,5.326449207895777,155.32882747353227
385,sisimiut,66.61862157517658,-55.38481342768897
386,goure,14.800748365083592,10.374510736767292
387,carutapera,8.96853554861464,-41.82755548068761
388,ouranopolis,40.228064592676986,23.935504913318454
389,quelimane,-17.254113861190646,36.60611544797135
390,liezen,47.632372627112034,14.068782255533307
391,saa,4.379250672880758,11.41119337243859
392,sibut,5.454069152781486,18.71113450935212
393,kosterevo,55.95868105975262,39.73218402987109
394,coquimbo,-30.42169590702452,-77.58018112022287
395,tasiilaq,55.98025596303157,-31.382227070899887
396,chenzhou,25.738482930537714,112.99680315139994
397,olafsvik,62.77819384249972,-28.199984382730804
398,auxerre,47.970209177297306,3.70876962341643
399,gorontalo,1.9237307328463373,120.5855780565181
400,pretoria,-25.66698768936078,28.373539981185587
401,walvis bay,-25.346232003731984,9.317967186527511
402,manakara,-22.263710466720198,49.335276263975885
403,montlucon,46.15233055183833,2.715763170126621
404,nizhneyansk,82.94135701824248,138.63063065669877
405,guacui,-20.865150978843275,-41.85774093356426
406,hasaki,31.410196873514806,153.1663414126872
407,porto velho,-8.833219254191775,-64.85042330074012
408,caravelas,-23.454733834261518,-24.352388080775853
409,tuatapere,-47.96278852446033,160.7550107581739
410,trinidad,-14.026450625465003,-65.65264775796739
411,sebinkarahisar,39.992338316651825,38.659338317339405
412,peniche,40.40506901566147,-13.501249720249348
413,penzance,50.03679600893699,-5.627995669166893
414,nagato,34.99200040340001,130.9561016635526
415,jumla,33.56331743825987,85.66362367021111
416,requena,-4.717493898537853,-74.77645248366548
417,samalaeulu,-5.423122085716457,-168.11816010621698
418,gerash,27.01922421380729,53.54389150348618
419,jerome,42.89750164809689,-114.66698588436248
420,northam,-30.39429963972605,119.3265046551769
421,palabuhanratu,-9.551778264335411,105.08704886058194
422,banjar,-10.584231234644108,106.39981683071397
423,novoagansk,62.485192451688164,78.22483585703185
424,lodja,-2.9697612161464377,23.58920051915527
425,illapel,-31.213775861614522,-72.82758975044705
426,karratha,-16.752703131448044,116.44413777446181
427,codrington,22.13721402524159,-52.03293756075621
428,megion,61.573279321881955,75.85903570745128
429,nyurba,63.96319026465028,119.06541417537096
430,laurel,32.01204973717509,-89.42644553110452
431,novikovo,46.86900917737955,145.37469378544557
432,moerai,-21.799082339569054,-150.5519597191155
433,bianzhuang,35.02661723138061,118.0255810168843
434,vendome,47.73720969566159,1.1598890794023475
435,malwan,15.725360407948543,70.55556354629613
436,tabiauea,0.38970624650696095,169.40226016217298
437,benito juarez,20.709511830627477,-98.22688412960686
438,santa isabel do rio negro,1.6510039162874648,-63.334230633926
439,awjilah,29.568972596626196,20.401614857823347
440,quatre cocos,-18.768147316153602,62.681072391881486
441,kropotkin,58.02877684742518,115.48073417165176
442,zyryanka,68.5388706873648,150.11203122728688
443,bilma,19.793121947935376,15.941027047307017
444,kennett,36.401170891502474,-89.7168454768197
445,marcon,45.528630511270904,12.344019616983815
446,marienburg,7.597065745119835,-54.44397639019361
447,camabatela,-7.659206217329995,15.728911010931483
448,coihaique,-49.725771587194934,-74.61753922446394
449,bubaque,8.271222976811856,-20.608659850224058
450,kapoeta,6.7786937489069174,33.007324772748746
451,calabozo,8.00664053195321,-67.52251046048315
452,umzimvubu,-44.00508418547411,39.85709240427428
453,horodnytsya,50.75660906156335,27.657990959985597
454,talara,-4.669461065667079,-84.48330756342412
455,portland,-57.81158452074282,130.01993210248247
456,tutoia,-0.2983600507738089,-41.847557198986436
457,shimoda,25.62452931790493,141.3386377983329
458,sladkovo,55.695522416079484,70.02045410193301
459,seoul,38.239818724724955,125.25392991987616
460,amahai,-2.8124715991233558,130.53183251307456
461,nalut,29.544640563626885,9.015901591578626
462,marshfield,44.20126790580855,-90.52811852571111
463,port moresby,-13.146425394116179,146.70635836694748
464,minden,32.44150384964249,-93.25770466289822
465,changji,45.22676115565943,87.05556091084384
466,yarim,14.53959711486901,46.05305514937632
467,kosh-agach,49.19821235625372,88.56499948219573
468,leshukonskoye,64.65725224626922,46.47111627675608
469,sao filipe,2.9919199956616893,-26.15724443998954
470,vredendal,-32.110766536967205,18.966388124383116
471,nemuro,39.12229163482547,149.76777725883306
472,laguna,-42.95111643014903,-32.86028528901389
473,hamilton,28.718001896902962,-66.38779320553635
474,talcahuano,-36.07012255621261,-73.71255640241228
475,coatesville,40.07617607088986,-75.98496025201074
476,jardim,5.504176353420618,-32.59952107183685
477,fort frances,49.01647148056955,-92.86574545063021
478,kailua,21.05288552299774,-157.4338571097455
479,monrovia,5.361388618894537,-11.358831651542175
480,gambela,7.002184814916262,33.925237573416126
481,davila,19.502742855955233,119.37483633692369
482,palmerston,-12.679483014246088,130.51931800512966
483,aldan,58.45535153508203,124.82586749227988
484,maryborough,-36.67795235733003,143.5883288975329
485,daru,-10.825735888650087,144.13818739712343
486,misratah,32.720074435394636,15.050476806547834
487,myitkyina,26.076462639034332,97.96998146576766
488,cap malheureux,-12.76386288557515,58.38659321614725
489,kochevo,59.862069748758245,53.86517934161165
490,orlik,52.38444567131259,100.43862284323069
491,ruteng,-7.0326888577678375,121.05995390627368
492,narsipatnam,18.047932630166912,82.72724658076902
493,meulaboh,3.5180620067889237,95.02684482033698
494,rezekne,56.70131457642631,27.393341740815174
495,east london,-64.98961063595492,51.8008037782661
496,tura,67.50244469745974,97.52698302491069
497,kununurra,-16.46366383031382,125.42165831916702
498,calvinia,-31.68397550971651,19.217681584467954
499,xining,35.79248901033783,98.60983822638059
500,bay roberts,41.951293151799376,-52.72586746068629
501,wajir,0.803025927817103,39.279218854773006
502,ondorhaan,46.35655257553671,111.66132123891475
503,latung,3.676694099344445,121.80754288625354
504,barbar,19.56403920285095,34.069267417248795
505,itarema,5.5990305596806,-37.28064393224267
506,mattru,2.7069756006431476,-15.474300259392578
507,lata,-4.562457807152455,168.44457670654305
508,kenai,61.5306074503477,-152.38627812867915
509,moundou,8.55849596662793,15.85953053110299
510,amderma,89.99151005510592,62.51421367994428
511,oranjemund,-33.08755951347822,8.70014306952379
512,narok,-0.7153908206634583,35.93905722008114
513,sur,17.834876353446532,63.82639759114505
514,san andres,13.654363883717394,-81.74310385240018
515,ladario,-18.902893214652465,-57.302615993008814
516,andenes,70.10211138194146,16.022030116618538
517,wilmington,31.736779514552225,-77.01713652792544
518,kalmunai,8.908123791518278,86.55869279603507
519,kaabong,3.2638546043374106,34.733809798203026
520,buala,-1.217984738745841,162.083443040163
521,siguiri,12.039828492427901,-9.971557034729358
522,tupik,54.577917993157854,119.04327128980805
523,viligili,1.1008842649135033,78.36407875137331
524,yangambi,-0.5451914632200072,23.49401036464795
525,aklavik,71.3269890622608,-138.07580208334093
526,omsukchan,61.066530071114386,156.4657624167636
527,ruatoria,-35.88820589649323,178.35469453623136
528,ontario,43.30220935038281,-117.90969660281665
529,la rioja,-29.00865923601185,-67.84415370706797
530,muros,42.776205194683286,-9.570568849528343
531,carmen,10.666175392245819,-83.26644707602586
532,finschhafen,-5.61469743759308,148.10297735386433
533,piney green,34.39257509659983,-77.25296192569024
534,paradwip,20.201515834378753,87.21235632574002
535,waddan,27.30014674904507,17.06233732364879
536,zhigansk,66.45088180063925,125.57565416776993
537,antofagasta,-22.615451240798734,-77.5197400023622
538,port antonio,18.787516295387945,-76.44311782001114
539,mende,44.473121631112235,3.3909833369237674
540,kazalinsk,47.58911126630335,62.30165599823607
541,dakar,14.929782150807327,-17.603396990515762
542,svarstad,61.95729726113959,11.689017641110382
543,mokrous,51.48860008543525,47.425638838476345
544,kettering,52.506501033917175,-0.8023794295309301
545,ostrovnoy,71.9293175522862,41.052464732300706
546,kabare,-1.2905062097208315,27.378918392818548
547,aksarka,69.94665811377101,68.45050869662413
548,tiarei,-12.368929055203765,-146.10998299854032
549,balaguer,41.67918217223925,0.8161493132885198
550,manzhouli,47.3381859761252,117.81023505326141
551,lapuz,6.530668009049208,124.6395502775024
552,turaiyur,11.035684119547284,78.68931582592415
553,tiznit,29.000100169352535,-10.288528779797474
554,erzin,47.880770284530854,96.27323836059969
555,ahumada,30.547781480685686,-107.21174335057577
556,soyo,-9.601074131386397,5.945571068133717
557,daugavpils,56.01470808571875,26.460901220020446
558,vao,-27.535676011116735,170.7604111499581
559,tomohon,1.4242409984741897,123.75516598552457
560,ronneby,56.39739168143282,15.247127464075504
561,plettenberg bay,-47.74532979741921,23.818207003780145
562,prince george,54.14388207637003,-121.10001416415952
563,shingu,31.307090596233564,136.79375408276826
564,kongolo,-5.563310571363303,26.75905852577523
565,kichmengskiy gorodok,59.822415251857166,45.91427656023379
566,mishkino,54.09133846236034,59.22666870331892
567,vizinga,61.1110632714213,50.491198423796845
568,halalo,-14.0937216241675,-178.45873880448428
569,saldanha,-45.51634978384591,-7.69966369057812
570,lakhdenpokhya,61.42112955245685,29.93223918029298
571,alice springs,-23.73539389438055,137.29954943020397
572,taburi,8.887072618323899,117.0534185256106
573,superior,46.48004516640091,-91.61725290279075
574,mitsamiouli,-6.530046826779241,46.20646991805398
575,bolungarvik,66.10205329260981,-23.94416944092353
576,brae,65.16373006120438,0.7133229610736009
577,mahroni,24.49745454393269,78.66830087762474
578,mala bilozerka,47.16629425290074,34.946363763162026
579,isa khel,32.80762688183769,71.06716021420189
580,smithers,56.24619037254547,-126.2038329099116
581,oktyabrskiy,52.596121321828235,156.1153014150981
582,slonim,53.063012255830415,25.049155525750763
583,dargaville,-35.739840399492614,173.38297613222346
584,payo,16.976018201871327,127.66788867140752
585,roseburg,42.82440926719744,-123.59934172101102
586,tornio,66.91090856697897,23.385695607787454
587,kutoarjo,-7.976663730187042,109.83755526657723
588,turhal,40.25008985716215,36.21680060270734
589,kieta,1.3360718419568371,159.5886170178805
590,chom bung,13.588101743288846,99.5422690492934
591,seryshevo,51.318609373664174,128.49250740909542
592,alekseyevsk,59.36861067918815,108.55702605782619
593,veraval,15.338294262285558,66.25133552737122
594,san cristobal,0.8505507599212478,-88.04523469443171
595,beringovskiy,59.776533742129004,178.8269370294168
596,sorvag,63.36978727038462,-10.266121556195088
597,alto araguaia,-17.512174268007385,-53.42091747555709
598,gizo,-6.5915780446411105,157.4411246559946
599,dinard,49.11551369155845,-2.184258627326926
600,ende,-9.353914545396492,121.06271313727564
601,rayong,11.209075069274775,101.22564412561422
602,mikhaylovka,44.148987420379086,71.21081380225806
603,lavrentiya,66.04839397623098,-169.52662074704293
604,tairua,-36.78880509229615,176.35229245420112
605,mecca,23.920569310666437,41.81816817680655
606,comodoro rivadavia,-49.631713547091536,-65.29305782030028
607,sarangani,4.216422986518779,127.37396636008782
608,tecoanapa,5.829863929306697,-102.07665177158651
609,altamira,-3.7637860387258257,-52.408734453093516
610,trairi,-0.8767044205192036,-37.64028162916918
